﻿<?xml version="1.0" encoding="utf-8"?><PLCKRR xmlns:xsi="http://www.w3.org/2001/XMLSchema-instance" xsi:noNamespaceSchemaLocation="http://policheckweb:8005/policheckweb/ResultFileSchema.xsd"><PLCKRS><PoliCheckTask  Version="" TaskID="63e1f05f-c81f-4eb9-8c26-6075dc71b3af" ScanType="File" SOMConfigurationEnabled="True" TermTblType="1" LCID="" CodePage="" Depth="" ContextLength="200" IncMode="0" NeedLog="0" Recursive="1" ExclusionRule="0" ExcepF="0" ExcepC="0" ExcepFC="0" ExclusionTbl="0" ExceptTbl="0" WordOnly="" Case="" Severity="3" VersionNo="0" RootDirectory="" ModelName="" HMEnabled="0" FRootDirectory="" SourceCodeScan="1"><TaskName>Jwt-pri-dev</TaskName><Target>C:\GitHub\jwt-net-pri</Target><ResultFile>C:\GitHub\jwt-net-pri\policheck.xml</ResultFile><ServerTables><TableID>English-9</TableID></ServerTables><TermClassFilter /><Schedule><StartRun RunMode="">10/15/2013 9:20:09 AM</StartRun></Schedule></PoliCheckTask ><ResultSummary><User>NTDEV\brentsch</User><Computer>BRENTSCH-ID1.ntdev.corp.microsoft.com</Computer><TotalSize>316</TotalSize><OverSize /><StartTime>10/15/2013 9:20:09 AM</StartTime><Duration /><RunState /><TotalCheckOut Sev1Hits="0" Sev2Hits="7" Sev3Hits="0" Sev4Hits="0" /></ResultSummary></PLCKRS><TermTbl><Term Term="country" TermID="" Severity="2" TermClass="Geopolitical" CaseSensitive="" WholeWord="" CommentSearch="" RowCount="6"><TermTranslation>English Translation</TermTranslation><Comment>For detailed info see - http://gpweb/Compliance/PoliCheck/TermInfo.aspx?LCID=9&amp;TermID=79570</Comment><Actions>For detailed info see - http://gpweb/Compliance/PoliCheck/TermInfo.aspx?LCID=9&amp;TermID=79570<Context>When used in a direct quotation.</Context><ActionRecommendation>&lt;b&gt;Leave term unchanged&lt;/b&gt;</ActionRecommendation><Context>When used in a legal, international standards or similar context.</Context><ActionRecommendation>&lt;b&gt;Leave term unchanged&lt;/b&gt;</ActionRecommendation><Context>When used in any other context.</Context><ActionRecommendation>&lt;b&gt;See Geo Issues Spec article on GPWeb&lt;/b&gt; for detailed guidance</ActionRecommendation><Context>When used to label a country/region list or similar resource.</Context><ActionRecommendation>&lt;b&gt;Replace&lt;/b&gt; with "country/region"</ActionRecommendation></Actions></Term><Term Term="Red" TermID="" Severity="2" TermClass="Cultural" CaseSensitive="" WholeWord="" CommentSearch="" RowCount="1"><TermTranslation>English Translation</TermTranslation><Comment>For detailed info see - http://gpweb/Compliance/PoliCheck/TermInfo.aspx?LCID=9&amp;TermID=80143</Comment><Actions>For detailed info see - http://gpweb/Compliance/PoliCheck/TermInfo.aspx?LCID=9&amp;TermID=80143<Context>When used in non-offensive contexts.</Context><ActionRecommendation>&lt;b&gt;Leave term unchanged&lt;/b&gt;</ActionRecommendation><Context>When used in offensive contexts.</Context><ActionRecommendation>&lt;b&gt;Remove&lt;/b&gt;</ActionRecommendation></Actions></Term></TermTbl><Result TotalOccurences="7"><Object No.="1" URL="C:\GitHub\jwt-net-pri\test\ClaimSets.cs"><Term>country</Term><TermTable>English-9</TermTable><Title /><Position>Line: 82</Position><Context TermAt="22">new Claim( ClaimTypes.Country, "USA", ClaimValueTypes.String, issuer, originalIssuer ),</Context><Severity>2</Severity><TermClass>Geopolitical</TermClass><Confidence /><IssueStatus>OTHERS</IssueStatus><BugNo>0</BugNo><Investigator /><Version>0</Version><TeamName /><Owner /><Comment /><Inherit /></Object><Object No.="2" URL="C:\GitHub\jwt-net-pri\test\ClaimSets.cs"><Term>country</Term><TermTable>English-9</TermTable><Title /><Position>Line: 122</Position><Context TermAt="22">new Claim( ClaimTypes.Country, "USA", ClaimValueTypes.String, issuer, originalIssuer ),</Context><Severity>2</Severity><TermClass>Geopolitical</TermClass><Confidence /><IssueStatus>OTHERS</IssueStatus><BugNo>0</BugNo><Investigator /><Version>0</Version><TeamName /><Owner /><Comment /><Inherit /></Object><Object No.="3" URL="C:\GitHub\jwt-net-pri\test\ClaimSets.cs"><Term>country</Term><TermTable>English-9</TermTable><Title /><Position>Line: 127</Position><Context TermAt="22">new Claim( ClaimTypes.Country, "USA_2", ClaimValueTypes.String, issuer, originalIssuer ),</Context><Severity>2</Severity><TermClass>Geopolitical</TermClass><Confidence /><IssueStatus>OTHERS</IssueStatus><BugNo>0</BugNo><Investigator /><Version>0</Version><TeamName /><Owner /><Comment /><Inherit /></Object><Object No.="4" URL="C:\GitHub\jwt-net-pri\test\ClaimSets.cs"><Term>country</Term><TermTable>English-9</TermTable><Title /><Position>Line: 262</Position><Context TermAt="0">Country = "Country",</Context><Severity>2</Severity><TermClass>Geopolitical</TermClass><Confidence /><IssueStatus>OTHERS</IssueStatus><BugNo>0</BugNo><Investigator /><Version>0</Version><TeamName /><Owner /><Comment /><Inherit /></Object><Object No.="5" URL="C:\GitHub\jwt-net-pri\test\ClaimSets.cs"><Term>country</Term><TermTable>English-9</TermTable><Title /><Position>Line: 262</Position><Context TermAt="11">Country = "Country",</Context><Severity>2</Severity><TermClass>Geopolitical</TermClass><Confidence /><IssueStatus>OTHERS</IssueStatus><BugNo>0</BugNo><Investigator /><Version>0</Version><TeamName /><Owner /><Comment /><Inherit /></Object><Object No.="6" URL="C:\GitHub\jwt-net-pri\test\ClaimSets.cs"><Term>Red</Term><TermTable>English-9</TermTable><Title /><Position>Line: 269</Position><Context TermAt="41">FavoriteColors = new string[] { "blue", "red", "orange" },</Context><Severity>2</Severity><TermClass>Cultural</TermClass><Confidence /><IssueStatus>OTHERS</IssueStatus><BugNo>0</BugNo><Investigator /><Version>0</Version><TeamName /><Owner /><Comment /><Inherit /></Object><Object No.="7" URL="C:\GitHub\jwt-net-pri\test\ClaimSets.cs"><Term>country</Term><TermTable>English-9</TermTable><Title /><Position>Line: 335</Position><Context TermAt="14">public string Country  { get; set; }</Context><Severity>2</Severity><TermClass>Geopolitical</TermClass><Confidence /><IssueStatus>OTHERS</IssueStatus><BugNo>0</BugNo><Investigator /><Version>0</Version><TeamName /><Owner /><Comment /><Inherit /></Object></Result><Logs TotalFiles="316"><Object No.="1" URL="C:\GitHub\jwt-net-pri\build.proj"><Status>File Type Not Supported</Status><Occurences>N/A</Occurences></Object><Object No.="2" URL="C:\GitHub\jwt-net-pri\Jwt.sln"><Status>File Type Not Supported</Status><Occurences>N/A</Occurences></Object><Object No.="3" URL="C:\GitHub\jwt-net-pri\Jwt.v11.suo"><Status>File Type Not Supported</Status><Occurences>N/A</Occurences></Object><Object No.="4" URL="C:\GitHub\jwt-net-pri\PoliCheck.xls"><Status>Skipped by user.</Status><Occurences>0</Occurences></Object><Object No.="5" URL="C:\GitHub\jwt-net-pri\policheck.xml"><Status>Skipped by user.</Status><Occurences>0</Occurences></Object><Object No.="6" URL="C:\GitHub\jwt-net-pri\README.md"><Status>File Type Not Supported</Status><Occurences>N/A</Occurences></Object><Object No.="7" URL="C:\GitHub\jwt-net-pri\.git\COMMIT_EDITMSG"><Status>File Type Not Supported</Status><Occurences>N/A</Occurences></Object><Object No.="8" URL="C:\GitHub\jwt-net-pri\.git\config"><Status>File Type Not Supported</Status><Occurences>N/A</Occurences></Object><Object No.="9" URL="C:\GitHub\jwt-net-pri\.git\description"><Status>File Type Not Supported</Status><Occurences>N/A</Occurences></Object><Object No.="10" URL="C:\GitHub\jwt-net-pri\.git\FETCH_HEAD"><Status>File Type Not Supported</Status><Occurences>N/A</Occurences></Object><Object No.="11" URL="C:\GitHub\jwt-net-pri\.git\HEAD"><Status>File Type Not Supported</Status><Occurences>N/A</Occurences></Object><Object No.="12" URL="C:\GitHub\jwt-net-pri\.git\index"><Status>File Type Not Supported</Status><Occurences>N/A</Occurences></Object><Object No.="13" URL="C:\GitHub\jwt-net-pri\.git\hooks\applypatch-msg.sample"><Status>File Type Not Supported</Status><Occurences>N/A</Occurences></Object><Object No.="14" URL="C:\GitHub\jwt-net-pri\.git\hooks\commit-msg.sample"><Status>File Type Not Supported</Status><Occurences>N/A</Occurences></Object><Object No.="15" URL="C:\GitHub\jwt-net-pri\.git\hooks\post-update.sample"><Status>File Type Not Supported</Status><Occurences>N/A</Occurences></Object><Object No.="16" URL="C:\GitHub\jwt-net-pri\.git\hooks\pre-applypatch.sample"><Status>File Type Not Supported</Status><Occurences>N/A</Occurences></Object><Object No.="17" URL="C:\GitHub\jwt-net-pri\.git\hooks\pre-commit.sample"><Status>File Type Not Supported</Status><Occurences>N/A</Occurences></Object><Object No.="18" URL="C:\GitHub\jwt-net-pri\.git\hooks\pre-push.sample"><Status>File Type Not Supported</Status><Occurences>N/A</Occurences></Object><Object No.="19" URL="C:\GitHub\jwt-net-pri\.git\hooks\pre-rebase.sample"><Status>File Type Not Supported</Status><Occurences>N/A</Occurences></Object><Object No.="20" URL="C:\GitHub\jwt-net-pri\.git\hooks\prepare-commit-msg.sample"><Status>File Type Not Supported</Status><Occurences>N/A</Occurences></Object><Object No.="21" URL="C:\GitHub\jwt-net-pri\.git\hooks\update.sample"><Status>File Type Not Supported</Status><Occurences>N/A</Occurences></Object><Object No.="22" URL="C:\GitHub\jwt-net-pri\.git\info\exclude"><Status>File Type Not Supported</Status><Occurences>N/A</Occurences></Object><Object No.="23" URL="C:\GitHub\jwt-net-pri\.git\logs\HEAD"><Status>File Type Not Supported</Status><Occurences>N/A</Occurences></Object><Object No.="24" URL="C:\GitHub\jwt-net-pri\.git\logs\refs\heads\dev"><Status>File Type Not Supported</Status><Occurences>N/A</Occurences></Object><Object No.="25" URL="C:\GitHub\jwt-net-pri\.git\logs\refs\heads\master"><Status>File Type Not Supported</Status><Occurences>N/A</Occurences></Object><Object No.="26" URL="C:\GitHub\jwt-net-pri\.git\logs\refs\remotes\origin\dev"><Status>File Type Not Supported</Status><Occurences>N/A</Occurences></Object><Object No.="27" URL="C:\GitHub\jwt-net-pri\.git\logs\refs\remotes\origin\master"><Status>File Type Not Supported</Status><Occurences>N/A</Occurences></Object><Object No.="28" URL="C:\GitHub\jwt-net-pri\.git\objects\00\19bf7c3f4878d065c05617e52c6276b80241d9"><Status>File Type Not Supported</Status><Occurences>N/A</Occurences></Object><Object No.="29" URL="C:\GitHub\jwt-net-pri\.git\objects\01\4bead45b90afa349a485ff38c08a74c90cfde3"><Status>File Type Not Supported</Status><Occurences>N/A</Occurences></Object><Object No.="30" URL="C:\GitHub\jwt-net-pri\.git\objects\01\63ad140073035f9b12a2a3452ba983dfad80a7"><Status>File Type Not Supported</Status><Occurences>N/A</Occurences></Object><Object No.="31" URL="C:\GitHub\jwt-net-pri\.git\objects\01\d836ef08ce9e3579adf65e4d5f5c1b0a7167d3"><Status>File Type Not Supported</Status><Occurences>N/A</Occurences></Object><Object No.="32" URL="C:\GitHub\jwt-net-pri\.git\objects\02\b11e6749d7c6f658e5856a98b1f5a98e3b1515"><Status>File Type Not Supported</Status><Occurences>N/A</Occurences></Object><Object No.="33" URL="C:\GitHub\jwt-net-pri\.git\objects\05\230ad056a1e989b7875cf9e3b1ea3026d1052d"><Status>File Type Not Supported</Status><Occurences>N/A</Occurences></Object><Object No.="34" URL="C:\GitHub\jwt-net-pri\.git\objects\06\f5c43d72c3372d06ca28bdef8a37f215d88148"><Status>File Type Not Supported</Status><Occurences>N/A</Occurences></Object><Object No.="35" URL="C:\GitHub\jwt-net-pri\.git\objects\08\5831c2e4d9b50ca4f0b9007e0b1a5dfe243ad0"><Status>File Type Not Supported</Status><Occurences>N/A</Occurences></Object><Object No.="36" URL="C:\GitHub\jwt-net-pri\.git\objects\09\5d11dda66a8b05bb863ba6a8ee5b55ed9888f4"><Status>File Type Not Supported</Status><Occurences>N/A</Occurences></Object><Object No.="37" URL="C:\GitHub\jwt-net-pri\.git\objects\0a\df9ce239ddb2a0d38e92e425f8ac7af093be99"><Status>File Type Not Supported</Status><Occurences>N/A</Occurences></Object><Object No.="38" URL="C:\GitHub\jwt-net-pri\.git\objects\0c\00d64611eb09f0731fb57ddaa3fc87d3d560b7"><Status>File Type Not Supported</Status><Occurences>N/A</Occurences></Object><Object No.="39" URL="C:\GitHub\jwt-net-pri\.git\objects\0d\a589b76a78c99f450fee89c80a51e24629c73b"><Status>File Type Not Supported</Status><Occurences>N/A</Occurences></Object><Object No.="40" URL="C:\GitHub\jwt-net-pri\.git\objects\0e\004a8b28e5dd17b93bbf90856bbd2054a3f2d7"><Status>File Type Not Supported</Status><Occurences>N/A</Occurences></Object><Object No.="41" URL="C:\GitHub\jwt-net-pri\.git\objects\0e\5e4ca8771df795555eeb05c60bbc3daf0a88a1"><Status>File Type Not Supported</Status><Occurences>N/A</Occurences></Object><Object No.="42" URL="C:\GitHub\jwt-net-pri\.git\objects\11\4b53d530e2322284b9c1d2482b21ff6803b348"><Status>File Type Not Supported</Status><Occurences>N/A</Occurences></Object><Object No.="43" URL="C:\GitHub\jwt-net-pri\.git\objects\12\75d33e9ba9e1eb40afce823484e8ee4e56bb5c"><Status>File Type Not Supported</Status><Occurences>N/A</Occurences></Object><Object No.="44" URL="C:\GitHub\jwt-net-pri\.git\objects\16\134bad09ea57c123d023de3dfd11ea52f97121"><Status>File Type Not Supported</Status><Occurences>N/A</Occurences></Object><Object No.="45" URL="C:\GitHub\jwt-net-pri\.git\objects\16\869100b25636f990dd1c45db81852746059576"><Status>File Type Not Supported</Status><Occurences>N/A</Occurences></Object><Object No.="46" URL="C:\GitHub\jwt-net-pri\.git\objects\17\9f36393cc90d20dfaab78761a45ec298da2b40"><Status>File Type Not Supported</Status><Occurences>N/A</Occurences></Object><Object No.="47" URL="C:\GitHub\jwt-net-pri\.git\objects\17\c7dbe15bdabf40a18f5f20d453569a004a6297"><Status>File Type Not Supported</Status><Occurences>N/A</Occurences></Object><Object No.="48" URL="C:\GitHub\jwt-net-pri\.git\objects\1a\d35de8d5bc995f1d30da971fc29ede8492dd06"><Status>File Type Not Supported</Status><Occurences>N/A</Occurences></Object><Object No.="49" URL="C:\GitHub\jwt-net-pri\.git\objects\1a\ee6912d1651b4309b867bf6e8595b6c50c0aae"><Status>File Type Not Supported</Status><Occurences>N/A</Occurences></Object><Object No.="50" URL="C:\GitHub\jwt-net-pri\.git\objects\1b\525b55956ee993074341da2f46e3fdf8a67d55"><Status>File Type Not Supported</Status><Occurences>N/A</Occurences></Object><Object No.="51" URL="C:\GitHub\jwt-net-pri\.git\objects\1f\77035823f8fe7fa9ab7033796d3c56beb82fdd"><Status>File Type Not Supported</Status><Occurences>N/A</Occurences></Object><Object No.="52" URL="C:\GitHub\jwt-net-pri\.git\objects\1f\cd5f2e342978244c9f0b8b8d0c2d49e957ca1c"><Status>File Type Not Supported</Status><Occurences>N/A</Occurences></Object><Object No.="53" URL="C:\GitHub\jwt-net-pri\.git\objects\23\c7f06411657718fc96ec31588a72b79e92dae3"><Status>File Type Not Supported</Status><Occurences>N/A</Occurences></Object><Object No.="54" URL="C:\GitHub\jwt-net-pri\.git\objects\24\c43b3fdcd75ca67be0169c5fa2d0d1348f443e"><Status>File Type Not Supported</Status><Occurences>N/A</Occurences></Object><Object No.="55" URL="C:\GitHub\jwt-net-pri\.git\objects\24\c4e106f4bf19055d604dec5fe09f71a6b3a19c"><Status>File Type Not Supported</Status><Occurences>N/A</Occurences></Object><Object No.="56" URL="C:\GitHub\jwt-net-pri\.git\objects\25\50588751a9d492a4ec65bf2d892d528f2c321d"><Status>File Type Not Supported</Status><Occurences>N/A</Occurences></Object><Object No.="57" URL="C:\GitHub\jwt-net-pri\.git\objects\29\c22482c822e37014985a80067d31a91fe9434a"><Status>File Type Not Supported</Status><Occurences>N/A</Occurences></Object><Object No.="58" URL="C:\GitHub\jwt-net-pri\.git\objects\2a\753d59422563c116b09bb4e43a9cdfb9b0b143"><Status>File Type Not Supported</Status><Occurences>N/A</Occurences></Object><Object No.="59" URL="C:\GitHub\jwt-net-pri\.git\objects\2b\83566bab296e6ab43ba72329ce42671a0ce400"><Status>File Type Not Supported</Status><Occurences>N/A</Occurences></Object><Object No.="60" URL="C:\GitHub\jwt-net-pri\.git\objects\2b\b08e3aff0da588e709c6ad27a3600051460220"><Status>File Type Not Supported</Status><Occurences>N/A</Occurences></Object><Object No.="61" URL="C:\GitHub\jwt-net-pri\.git\objects\2c\1366560c73fb7ad561eb10cb5f6596a2d4530d"><Status>File Type Not Supported</Status><Occurences>N/A</Occurences></Object><Object No.="62" URL="C:\GitHub\jwt-net-pri\.git\objects\2d\2a5d6c27b080a34b340500982bc0044234e584"><Status>File Type Not Supported</Status><Occurences>N/A</Occurences></Object><Object No.="63" URL="C:\GitHub\jwt-net-pri\.git\objects\2e\1176a95213d5705d97f3f9bf6f03f298287daf"><Status>File Type Not Supported</Status><Occurences>N/A</Occurences></Object><Object No.="64" URL="C:\GitHub\jwt-net-pri\.git\objects\2e\fac7bc94e8f225904942086415eef7749da093"><Status>File Type Not Supported</Status><Occurences>N/A</Occurences></Object><Object No.="65" URL="C:\GitHub\jwt-net-pri\.git\objects\32\3abdcbfd87d7cc9e007390e042575f7b37cbbc"><Status>File Type Not Supported</Status><Occurences>N/A</Occurences></Object><Object No.="66" URL="C:\GitHub\jwt-net-pri\.git\objects\32\41e80bfee64a09fdea7bde8d8e001ee5193a53"><Status>File Type Not Supported</Status><Occurences>N/A</Occurences></Object><Object No.="67" URL="C:\GitHub\jwt-net-pri\.git\objects\32\8773b90f0bdc458c060268ecbb845feea70785"><Status>File Type Not Supported</Status><Occurences>N/A</Occurences></Object><Object No.="68" URL="C:\GitHub\jwt-net-pri\.git\objects\32\f805d6753ae389459645dd3eb5610dfd20dd94"><Status>File Type Not Supported</Status><Occurences>N/A</Occurences></Object><Object No.="69" URL="C:\GitHub\jwt-net-pri\.git\objects\34\958c2de7bd99ce83c17b8315fbd897709da09c"><Status>File Type Not Supported</Status><Occurences>N/A</Occurences></Object><Object No.="70" URL="C:\GitHub\jwt-net-pri\.git\objects\35\8d7eb2df3f3b8c3be0b5fc61c2e7ec7422a699"><Status>File Type Not Supported</Status><Occurences>N/A</Occurences></Object><Object No.="71" URL="C:\GitHub\jwt-net-pri\.git\objects\35\a6d6e34b134efa39004c19f5bae94507be6d0f"><Status>File Type Not Supported</Status><Occurences>N/A</Occurences></Object><Object No.="72" URL="C:\GitHub\jwt-net-pri\.git\objects\35\bd8a91abdcc3753447341c7de73ce88f5f1ee4"><Status>File Type Not Supported</Status><Occurences>N/A</Occurences></Object><Object No.="73" URL="C:\GitHub\jwt-net-pri\.git\objects\38\580c17742e4a3466eba288e39525ee863c9ea4"><Status>File Type Not Supported</Status><Occurences>N/A</Occurences></Object><Object No.="74" URL="C:\GitHub\jwt-net-pri\.git\objects\3a\47b17b3cd6e07a2e55d8bacd9f2b655a080218"><Status>File Type Not Supported</Status><Occurences>N/A</Occurences></Object><Object No.="75" URL="C:\GitHub\jwt-net-pri\.git\objects\3a\ad731d27bf147218ddd1d530e1e306c148f9d0"><Status>File Type Not Supported</Status><Occurences>N/A</Occurences></Object><Object No.="76" URL="C:\GitHub\jwt-net-pri\.git\objects\3b\872c51954c0010eae05a24f0b44124cc81aaaf"><Status>File Type Not Supported</Status><Occurences>N/A</Occurences></Object><Object No.="77" URL="C:\GitHub\jwt-net-pri\.git\objects\3d\51486e941748586eea7c6a776235d5d17e9794"><Status>File Type Not Supported</Status><Occurences>N/A</Occurences></Object><Object No.="78" URL="C:\GitHub\jwt-net-pri\.git\objects\40\193f490fb7d4628b30029cf9a419fd84309736"><Status>File Type Not Supported</Status><Occurences>N/A</Occurences></Object><Object No.="79" URL="C:\GitHub\jwt-net-pri\.git\objects\44\42c8598be80966f872ca2bb1b5d8bda693e032"><Status>File Type Not Supported</Status><Occurences>N/A</Occurences></Object><Object No.="80" URL="C:\GitHub\jwt-net-pri\.git\objects\46\40e0fbe5de2c5c3bfd162573d65ea3c85fedf0"><Status>File Type Not Supported</Status><Occurences>N/A</Occurences></Object><Object No.="81" URL="C:\GitHub\jwt-net-pri\.git\objects\4a\9eae8d2f5c5623ca85a495f5740f6542da2781"><Status>File Type Not Supported</Status><Occurences>N/A</Occurences></Object><Object No.="82" URL="C:\GitHub\jwt-net-pri\.git\objects\4c\e2ebf5f7d1d345534d43f141c650ec0f9fc43b"><Status>File Type Not Supported</Status><Occurences>N/A</Occurences></Object><Object No.="83" URL="C:\GitHub\jwt-net-pri\.git\objects\4e\f5b5b14adaf595862f37bc0214654ef0c6fff0"><Status>File Type Not Supported</Status><Occurences>N/A</Occurences></Object><Object No.="84" URL="C:\GitHub\jwt-net-pri\.git\objects\50\59cc68b0d2b5923ccf8f71731007c6fb314ab4"><Status>File Type Not Supported</Status><Occurences>N/A</Occurences></Object><Object No.="85" URL="C:\GitHub\jwt-net-pri\.git\objects\50\a489eb63555770e3e87db11064d864d79a8394"><Status>File Type Not Supported</Status><Occurences>N/A</Occurences></Object><Object No.="86" URL="C:\GitHub\jwt-net-pri\.git\objects\53\2a8cf5b198292ed05b4778f8642200383a77a4"><Status>File Type Not Supported</Status><Occurences>N/A</Occurences></Object><Object No.="87" URL="C:\GitHub\jwt-net-pri\.git\objects\55\a7efc40ca18ce5a04dbd3ccfbff46cfeeb24c9"><Status>File Type Not Supported</Status><Occurences>N/A</Occurences></Object><Object No.="88" URL="C:\GitHub\jwt-net-pri\.git\objects\59\497fccd138e073039da0292ab166ac72ead905"><Status>File Type Not Supported</Status><Occurences>N/A</Occurences></Object><Object No.="89" URL="C:\GitHub\jwt-net-pri\.git\objects\59\820d4611540bb7ba06a24ef85003459786ee3e"><Status>File Type Not Supported</Status><Occurences>N/A</Occurences></Object><Object No.="90" URL="C:\GitHub\jwt-net-pri\.git\objects\5a\d08b849f50706b0111d7fa5071851fceddefe7"><Status>File Type Not Supported</Status><Occurences>N/A</Occurences></Object><Object No.="91" URL="C:\GitHub\jwt-net-pri\.git\objects\60\fcbff6ef95b4e9c05b4bb4ff79abdfbf16da15"><Status>File Type Not Supported</Status><Occurences>N/A</Occurences></Object><Object No.="92" URL="C:\GitHub\jwt-net-pri\.git\objects\65\909e2674a31c5b22e0cacb66ba4f00c7d793fd"><Status>File Type Not Supported</Status><Occurences>N/A</Occurences></Object><Object No.="93" URL="C:\GitHub\jwt-net-pri\.git\objects\65\d6e13d30cb59f3b817cfb6cc3a634b289ace2d"><Status>File Type Not Supported</Status><Occurences>N/A</Occurences></Object><Object No.="94" URL="C:\GitHub\jwt-net-pri\.git\objects\65\f1754e1b04612fea4f77f26c7532d5d0b4c61f"><Status>File Type Not Supported</Status><Occurences>N/A</Occurences></Object><Object No.="95" URL="C:\GitHub\jwt-net-pri\.git\objects\66\8f4d5b8328dcffaec94a16d3961a4793a507b2"><Status>File Type Not Supported</Status><Occurences>N/A</Occurences></Object><Object No.="96" URL="C:\GitHub\jwt-net-pri\.git\objects\66\a3ec617fb9b7ea7dd7596eef2694d4271553b4"><Status>File Type Not Supported</Status><Occurences>N/A</Occurences></Object><Object No.="97" URL="C:\GitHub\jwt-net-pri\.git\objects\68\e91e6efdfebd40a3915caa6f919cc6f1528e9e"><Status>File Type Not Supported</Status><Occurences>N/A</Occurences></Object><Object No.="98" URL="C:\GitHub\jwt-net-pri\.git\objects\69\9a0d97241ab267e437d1cb83b0faf69efb0a6d"><Status>File Type Not Supported</Status><Occurences>N/A</Occurences></Object><Object No.="99" URL="C:\GitHub\jwt-net-pri\.git\objects\6a\a19eaa0289d49d4407adefff824dba12abad3a"><Status>File Type Not Supported</Status><Occurences>N/A</Occurences></Object><Object No.="100" URL="C:\GitHub\jwt-net-pri\.git\objects\6b\350e97e686744e1ae9971b49dbe7a1d08b4589"><Status>File Type Not Supported</Status><Occurences>N/A</Occurences></Object><Object No.="101" URL="C:\GitHub\jwt-net-pri\.git\objects\6c\3e3ff03daf80c92bde83b301fa77de46fe1557"><Status>File Type Not Supported</Status><Occurences>N/A</Occurences></Object><Object No.="102" URL="C:\GitHub\jwt-net-pri\.git\objects\6d\ad6444ba19b1da9b4387db2ac5a37f8183f794"><Status>File Type Not Supported</Status><Occurences>N/A</Occurences></Object><Object No.="103" URL="C:\GitHub\jwt-net-pri\.git\objects\6e\78d5ace8fdf0b7a8a7af68fff4a697965b5e55"><Status>File Type Not Supported</Status><Occurences>N/A</Occurences></Object><Object No.="104" URL="C:\GitHub\jwt-net-pri\.git\objects\71\7b98c0130f1ac4151f65f52b0db0251111a316"><Status>File Type Not Supported</Status><Occurences>N/A</Occurences></Object><Object No.="105" URL="C:\GitHub\jwt-net-pri\.git\objects\72\25c7cfcb1a6a8a1a8ce6a4cd55d63b30d2d4f3"><Status>File Type Not Supported</Status><Occurences>N/A</Occurences></Object><Object No.="106" URL="C:\GitHub\jwt-net-pri\.git\objects\74\27bed42b237b96acd877d3b7e84a3ba5b710d9"><Status>File Type Not Supported</Status><Occurences>N/A</Occurences></Object><Object No.="107" URL="C:\GitHub\jwt-net-pri\.git\objects\74\83048dfb374c991e6e83277554737232004650"><Status>File Type Not Supported</Status><Occurences>N/A</Occurences></Object><Object No.="108" URL="C:\GitHub\jwt-net-pri\.git\objects\75\25350444ecca5866d245f77765f9fba22b4159"><Status>File Type Not Supported</Status><Occurences>N/A</Occurences></Object><Object No.="109" URL="C:\GitHub\jwt-net-pri\.git\objects\75\c91beaccf972b58a509f8cc61250044e1c857b"><Status>File Type Not Supported</Status><Occurences>N/A</Occurences></Object><Object No.="110" URL="C:\GitHub\jwt-net-pri\.git\objects\77\cea1563864996b5d546ba64256165842e283d0"><Status>File Type Not Supported</Status><Occurences>N/A</Occurences></Object><Object No.="111" URL="C:\GitHub\jwt-net-pri\.git\objects\77\f9ce358c5c26305e18d49ec6a294f40b95dc61"><Status>File Type Not Supported</Status><Occurences>N/A</Occurences></Object><Object No.="112" URL="C:\GitHub\jwt-net-pri\.git\objects\79\24c99d761e6f3ba2f78463e907b190603f0ca6"><Status>File Type Not Supported</Status><Occurences>N/A</Occurences></Object><Object No.="113" URL="C:\GitHub\jwt-net-pri\.git\objects\7b\256c471c93229401ab59f0b3549ce08131456d"><Status>File Type Not Supported</Status><Occurences>N/A</Occurences></Object><Object No.="114" URL="C:\GitHub\jwt-net-pri\.git\objects\7b\a6f49d824d6503ce41b13c0ef54de363b9fb99"><Status>File Type Not Supported</Status><Occurences>N/A</Occurences></Object><Object No.="115" URL="C:\GitHub\jwt-net-pri\.git\objects\7c\61848669d47f2072576c38ce2860e02f8f54dd"><Status>File Type Not Supported</Status><Occurences>N/A</Occurences></Object><Object No.="116" URL="C:\GitHub\jwt-net-pri\.git\objects\7c\70cdd004d48bfbf3dbb9679523bed45e0ccb9d"><Status>File Type Not Supported</Status><Occurences>N/A</Occurences></Object><Object No.="117" URL="C:\GitHub\jwt-net-pri\.git\objects\7d\50049f906d55df41a64c47d151a5c0c290595c"><Status>File Type Not Supported</Status><Occurences>N/A</Occurences></Object><Object No.="118" URL="C:\GitHub\jwt-net-pri\.git\objects\7f\33938f62ad229a344bf78eeb0fb32ae276e491"><Status>File Type Not Supported</Status><Occurences>N/A</Occurences></Object><Object No.="119" URL="C:\GitHub\jwt-net-pri\.git\objects\7f\f1457cd15a8b1d2cfdaf2f0fc7d4bd14560bd7"><Status>File Type Not Supported</Status><Occurences>N/A</Occurences></Object><Object No.="120" URL="C:\GitHub\jwt-net-pri\.git\objects\80\1ccc7748b9274c4de3231cc071c6b3c8d59a1c"><Status>File Type Not Supported</Status><Occurences>N/A</Occurences></Object><Object No.="121" URL="C:\GitHub\jwt-net-pri\.git\objects\81\f154691d4d006e100afd4cd47346f3a08cde92"><Status>File Type Not Supported</Status><Occurences>N/A</Occurences></Object><Object No.="122" URL="C:\GitHub\jwt-net-pri\.git\objects\82\283d49758781fc1c4ffed8c02f29ed977ca225"><Status>File Type Not Supported</Status><Occurences>N/A</Occurences></Object><Object No.="123" URL="C:\GitHub\jwt-net-pri\.git\objects\86\7846e8c6d0f3cd499b337e88059b8f9f9dca57"><Status>File Type Not Supported</Status><Occurences>N/A</Occurences></Object><Object No.="124" URL="C:\GitHub\jwt-net-pri\.git\objects\8d\5d4c180d0e74a6ab63c88243bca2974e28400a"><Status>File Type Not Supported</Status><Occurences>N/A</Occurences></Object><Object No.="125" URL="C:\GitHub\jwt-net-pri\.git\objects\8d\d1ab3ab8cfb0be4e764666e78d1f643aae9c83"><Status>File Type Not Supported</Status><Occurences>N/A</Occurences></Object><Object No.="126" URL="C:\GitHub\jwt-net-pri\.git\objects\91\0f58aec9cb3fa93455bc2b1257e8d9f48ff202"><Status>File Type Not Supported</Status><Occurences>N/A</Occurences></Object><Object No.="127" URL="C:\GitHub\jwt-net-pri\.git\objects\91\4357547620db4f7768274d79a469e736010033"><Status>File Type Not Supported</Status><Occurences>N/A</Occurences></Object><Object No.="128" URL="C:\GitHub\jwt-net-pri\.git\objects\91\706abd84fd31b3c962d38e3b0fad3818f31a87"><Status>File Type Not Supported</Status><Occurences>N/A</Occurences></Object><Object No.="129" URL="C:\GitHub\jwt-net-pri\.git\objects\92\3c8f660841d3b323f7840a00bdc73c1e947d44"><Status>File Type Not Supported</Status><Occurences>N/A</Occurences></Object><Object No.="130" URL="C:\GitHub\jwt-net-pri\.git\objects\92\58c820fd0e1a87c2d967db491f5ab34e0045e2"><Status>File Type Not Supported</Status><Occurences>N/A</Occurences></Object><Object No.="131" URL="C:\GitHub\jwt-net-pri\.git\objects\92\7829449ba788fd478331a3067e22c92a8e0d41"><Status>File Type Not Supported</Status><Occurences>N/A</Occurences></Object><Object No.="132" URL="C:\GitHub\jwt-net-pri\.git\objects\95\50cabbecc0aa9e16464bf47f84cdd78a71fbfd"><Status>File Type Not Supported</Status><Occurences>N/A</Occurences></Object><Object No.="133" URL="C:\GitHub\jwt-net-pri\.git\objects\95\a2c121772e4b59179988da9d21b3d6546c2371"><Status>File Type Not Supported</Status><Occurences>N/A</Occurences></Object><Object No.="134" URL="C:\GitHub\jwt-net-pri\.git\objects\99\5ce3237bad7b3b06b56e1b97c14cfdde3c5bb1"><Status>File Type Not Supported</Status><Occurences>N/A</Occurences></Object><Object No.="135" URL="C:\GitHub\jwt-net-pri\.git\objects\9c\bbc60e9e017e4651377bfd1b351bf93c3d2cf5"><Status>File Type Not Supported</Status><Occurences>N/A</Occurences></Object><Object No.="136" URL="C:\GitHub\jwt-net-pri\.git\objects\9d\0314ce6540478d5deb5550d827f5781c3c8fef"><Status>File Type Not Supported</Status><Occurences>N/A</Occurences></Object><Object No.="137" URL="C:\GitHub\jwt-net-pri\.git\objects\9d\c259e4568b05a715ec141d302edf3e5047210a"><Status>File Type Not Supported</Status><Occurences>N/A</Occurences></Object><Object No.="138" URL="C:\GitHub\jwt-net-pri\.git\objects\9e\124eafe50821c39ecdcb266092b472368100ed"><Status>File Type Not Supported</Status><Occurences>N/A</Occurences></Object><Object No.="139" URL="C:\GitHub\jwt-net-pri\.git\objects\9f\5a8ccff9689342831d266158696006b1843df1"><Status>File Type Not Supported</Status><Occurences>N/A</Occurences></Object><Object No.="140" URL="C:\GitHub\jwt-net-pri\.git\objects\9f\e9d747225f83a965fb1c6f5df4fb6b84f36ec1"><Status>File Type Not Supported</Status><Occurences>N/A</Occurences></Object><Object No.="141" URL="C:\GitHub\jwt-net-pri\.git\objects\9f\f413ed150821479b97400baf7b016d27bc4f3f"><Status>File Type Not Supported</Status><Occurences>N/A</Occurences></Object><Object No.="142" URL="C:\GitHub\jwt-net-pri\.git\objects\a1\d97e35d1be0c8127fdaae0c7bca9402105d2f1"><Status>File Type Not Supported</Status><Occurences>N/A</Occurences></Object><Object No.="143" URL="C:\GitHub\jwt-net-pri\.git\objects\a6\b2890e4386e99459d8daf0e112e58a4666d2df"><Status>File Type Not Supported</Status><Occurences>N/A</Occurences></Object><Object No.="144" URL="C:\GitHub\jwt-net-pri\.git\objects\ae\2f49a717436672b2fa544854b96be959071c64"><Status>File Type Not Supported</Status><Occurences>N/A</Occurences></Object><Object No.="145" URL="C:\GitHub\jwt-net-pri\.git\objects\ae\7b4fb4b8b157ec3cfe08eb01ce77ed6395f0ce"><Status>File Type Not Supported</Status><Occurences>N/A</Occurences></Object><Object No.="146" URL="C:\GitHub\jwt-net-pri\.git\objects\b0\27a42d79bb8235f6b91f555a160e2f32316667"><Status>File Type Not Supported</Status><Occurences>N/A</Occurences></Object><Object No.="147" URL="C:\GitHub\jwt-net-pri\.git\objects\b2\5c337b4b4b93600d70e351974eeee42d3272d9"><Status>File Type Not Supported</Status><Occurences>N/A</Occurences></Object><Object No.="148" URL="C:\GitHub\jwt-net-pri\.git\objects\b3\e160e135114ff5a24578c9f9b9a51bc584fe5b"><Status>File Type Not Supported</Status><Occurences>N/A</Occurences></Object><Object No.="149" URL="C:\GitHub\jwt-net-pri\.git\objects\b5\6f1300f1b860376b71d1b567a8af5e126bb26d"><Status>File Type Not Supported</Status><Occurences>N/A</Occurences></Object><Object No.="150" URL="C:\GitHub\jwt-net-pri\.git\objects\b7\3a0dfc12b9a3e88e3a423460874221408611fc"><Status>File Type Not Supported</Status><Occurences>N/A</Occurences></Object><Object No.="151" URL="C:\GitHub\jwt-net-pri\.git\objects\b8\696ef9b0f715ad7e8bc8b0d93e7e3af0214dfb"><Status>File Type Not Supported</Status><Occurences>N/A</Occurences></Object><Object No.="152" URL="C:\GitHub\jwt-net-pri\.git\objects\b8\7a745b66c6199c179495774449dffd1aacfdcd"><Status>File Type Not Supported</Status><Occurences>N/A</Occurences></Object><Object No.="153" URL="C:\GitHub\jwt-net-pri\.git\objects\b8\d3ec398685e99ac6d4c0e8e7a1073982f6c83d"><Status>File Type Not Supported</Status><Occurences>N/A</Occurences></Object><Object No.="154" URL="C:\GitHub\jwt-net-pri\.git\objects\be\6c2ba14adb7a944f0efcc1cec36d3a4cc14c35"><Status>File Type Not Supported</Status><Occurences>N/A</Occurences></Object><Object No.="155" URL="C:\GitHub\jwt-net-pri\.git\objects\c0\188bd57faf810a94b65c33135fcbe18a1076f9"><Status>File Type Not Supported</Status><Occurences>N/A</Occurences></Object><Object No.="156" URL="C:\GitHub\jwt-net-pri\.git\objects\c1\20aedb530e17c663f0f76c98a465b604154129"><Status>File Type Not Supported</Status><Occurences>N/A</Occurences></Object><Object No.="157" URL="C:\GitHub\jwt-net-pri\.git\objects\c2\bde8ef3d6f66d900304cff9eb3866f38fd0510"><Status>File Type Not Supported</Status><Occurences>N/A</Occurences></Object><Object No.="158" URL="C:\GitHub\jwt-net-pri\.git\objects\c3\9f5fbd797856fdc0925086198fb568902f54ac"><Status>File Type Not Supported</Status><Occurences>N/A</Occurences></Object><Object No.="159" URL="C:\GitHub\jwt-net-pri\.git\objects\c3\f11c37c545f84feb9476e493929aa5612d74fa"><Status>File Type Not Supported</Status><Occurences>N/A</Occurences></Object><Object No.="160" URL="C:\GitHub\jwt-net-pri\.git\objects\c4\048e98b08ae938937d9f2883687fe5d224e4b9"><Status>File Type Not Supported</Status><Occurences>N/A</Occurences></Object><Object No.="161" URL="C:\GitHub\jwt-net-pri\.git\objects\c4\15e4f59bb1fa89c81127ddb775d7ebf1ac5022"><Status>File Type Not Supported</Status><Occurences>N/A</Occurences></Object><Object No.="162" URL="C:\GitHub\jwt-net-pri\.git\objects\c5\0f5a6c0f721956abede8d5d35a34ae18a9387a"><Status>File Type Not Supported</Status><Occurences>N/A</Occurences></Object><Object No.="163" URL="C:\GitHub\jwt-net-pri\.git\objects\c7\3bd3b2798f0c0948527dd7a92f5414c39d6b5f"><Status>File Type Not Supported</Status><Occurences>N/A</Occurences></Object><Object No.="164" URL="C:\GitHub\jwt-net-pri\.git\objects\c8\3c7ca5d67fa1acc7272cc82d1238123784fd51"><Status>File Type Not Supported</Status><Occurences>N/A</Occurences></Object><Object No.="165" URL="C:\GitHub\jwt-net-pri\.git\objects\c8\d7934c58f90e279bf1e70eb005c9fab952501f"><Status>File Type Not Supported</Status><Occurences>N/A</Occurences></Object><Object No.="166" URL="C:\GitHub\jwt-net-pri\.git\objects\ca\6facebb13c23c4b9350c389d17a6c04f5724f2"><Status>File Type Not Supported</Status><Occurences>N/A</Occurences></Object><Object No.="167" URL="C:\GitHub\jwt-net-pri\.git\objects\cd\fee53abd1316c9d24f26463ce1f5aa5a14a5a7"><Status>File Type Not Supported</Status><Occurences>N/A</Occurences></Object><Object No.="168" URL="C:\GitHub\jwt-net-pri\.git\objects\ce\15c9c467e10a42d289e62ef12415fa382b5023"><Status>File Type Not Supported</Status><Occurences>N/A</Occurences></Object><Object No.="169" URL="C:\GitHub\jwt-net-pri\.git\objects\d0\c834cd72398deab8d386be571bcab2690c308e"><Status>File Type Not Supported</Status><Occurences>N/A</Occurences></Object><Object No.="170" URL="C:\GitHub\jwt-net-pri\.git\objects\d1\1db0c3a74d609142294e6df4052f8d9c7c88c2"><Status>File Type Not Supported</Status><Occurences>N/A</Occurences></Object><Object No.="171" URL="C:\GitHub\jwt-net-pri\.git\objects\d2\6f54ebae15aa95ce113757d12cfd32f0fda6db"><Status>File Type Not Supported</Status><Occurences>N/A</Occurences></Object><Object No.="172" URL="C:\GitHub\jwt-net-pri\.git\objects\d2\926a64a1659d09a469e3fa1f0295b5894a368a"><Status>File Type Not Supported</Status><Occurences>N/A</Occurences></Object><Object No.="173" URL="C:\GitHub\jwt-net-pri\.git\objects\d4\e27564c613fab9428f068d7168b05e4a4438d9"><Status>File Type Not Supported</Status><Occurences>N/A</Occurences></Object><Object No.="174" URL="C:\GitHub\jwt-net-pri\.git\objects\d5\761a597e7ac1944a544a2343aa6acf55967c61"><Status>File Type Not Supported</Status><Occurences>N/A</Occurences></Object><Object No.="175" URL="C:\GitHub\jwt-net-pri\.git\objects\da\2b0c6652b5ee5f7369381cdc4c3095c4fffb25"><Status>File Type Not Supported</Status><Occurences>N/A</Occurences></Object><Object No.="176" URL="C:\GitHub\jwt-net-pri\.git\objects\dc\a13de9fd471662a90eff623b33259af4c28870"><Status>File Type Not Supported</Status><Occurences>N/A</Occurences></Object><Object No.="177" URL="C:\GitHub\jwt-net-pri\.git\objects\df\23f18c1e2aca5a1961b9d23fb1a5f12de4995c"><Status>File Type Not Supported</Status><Occurences>N/A</Occurences></Object><Object No.="178" URL="C:\GitHub\jwt-net-pri\.git\objects\df\3eccf0f84e1ccb60d65de86e0ada43243ccd75"><Status>File Type Not Supported</Status><Occurences>N/A</Occurences></Object><Object No.="179" URL="C:\GitHub\jwt-net-pri\.git\objects\e0\834d6f74717c9f21f40bafb9a6db39e56e081c"><Status>File Type Not Supported</Status><Occurences>N/A</Occurences></Object><Object No.="180" URL="C:\GitHub\jwt-net-pri\.git\objects\e1\804ac66c44ba2d6cb9230453806ebb271c28cb"><Status>File Type Not Supported</Status><Occurences>N/A</Occurences></Object><Object No.="181" URL="C:\GitHub\jwt-net-pri\.git\objects\e1\a492192c28b4d73742b1fa43c13fa44b04753a"><Status>File Type Not Supported</Status><Occurences>N/A</Occurences></Object><Object No.="182" URL="C:\GitHub\jwt-net-pri\.git\objects\e6\9de29bb2d1d6434b8b29ae775ad8c2e48c5391"><Status>File Type Not Supported</Status><Occurences>N/A</Occurences></Object><Object No.="183" URL="C:\GitHub\jwt-net-pri\.git\objects\e8\d541469ba4ce554f18075786b9f187f2da9a93"><Status>File Type Not Supported</Status><Occurences>N/A</Occurences></Object><Object No.="184" URL="C:\GitHub\jwt-net-pri\.git\objects\ea\4466e97d8b09b3524c919ca8095232c020d195"><Status>File Type Not Supported</Status><Occurences>N/A</Occurences></Object><Object No.="185" URL="C:\GitHub\jwt-net-pri\.git\objects\eb\5c85b61dc20292cab4e0a361e0821c011599b6"><Status>File Type Not Supported</Status><Occurences>N/A</Occurences></Object><Object No.="186" URL="C:\GitHub\jwt-net-pri\.git\objects\eb\5e81a902762e70880be1052dde660379ebfd55"><Status>File Type Not Supported</Status><Occurences>N/A</Occurences></Object><Object No.="187" URL="C:\GitHub\jwt-net-pri\.git\objects\eb\6c75fac7b11ca2ad07748911499609ce02782e"><Status>File Type Not Supported</Status><Occurences>N/A</Occurences></Object><Object No.="188" URL="C:\GitHub\jwt-net-pri\.git\objects\eb\d5fbfa38c48ef8bb2fb422cf1afe0be9acaf33"><Status>File Type Not Supported</Status><Occurences>N/A</Occurences></Object><Object No.="189" URL="C:\GitHub\jwt-net-pri\.git\objects\ec\634958c80d769c87812853b8fb3aac73975049"><Status>File Type Not Supported</Status><Occurences>N/A</Occurences></Object><Object No.="190" URL="C:\GitHub\jwt-net-pri\.git\objects\ed\e5449574764750e36b3c26b0c60fd51b98fcc6"><Status>File Type Not Supported</Status><Occurences>N/A</Occurences></Object><Object No.="191" URL="C:\GitHub\jwt-net-pri\.git\objects\ee\b66e325a8ab81a602a85071ec5a1835ec5a0bf"><Status>File Type Not Supported</Status><Occurences>N/A</Occurences></Object><Object No.="192" URL="C:\GitHub\jwt-net-pri\.git\objects\ef\a1bc02541ff4837f357154ebed0c6f092db559"><Status>File Type Not Supported</Status><Occurences>N/A</Occurences></Object><Object No.="193" URL="C:\GitHub\jwt-net-pri\.git\objects\f0\713bfe19f559e0c98045f02c0df67b2efb3e13"><Status>File Type Not Supported</Status><Occurences>N/A</Occurences></Object><Object No.="194" URL="C:\GitHub\jwt-net-pri\.git\objects\f1\024e8dab1c2eac34e9a137483ab810e0516f0d"><Status>File Type Not Supported</Status><Occurences>N/A</Occurences></Object><Object No.="195" URL="C:\GitHub\jwt-net-pri\.git\objects\f3\4f120e1e597a474c8707c2cba1be5f23e45eb7"><Status>File Type Not Supported</Status><Occurences>N/A</Occurences></Object><Object No.="196" URL="C:\GitHub\jwt-net-pri\.git\objects\f5\23c07ee6ec907769dd8d00fcea5f2953666dfb"><Status>File Type Not Supported</Status><Occurences>N/A</Occurences></Object><Object No.="197" URL="C:\GitHub\jwt-net-pri\.git\objects\f5\b1be52732a6583e8edcf198ec631c2fb83570b"><Status>File Type Not Supported</Status><Occurences>N/A</Occurences></Object><Object No.="198" URL="C:\GitHub\jwt-net-pri\.git\objects\f6\52551bc16ccbe2f1bfbb08c493a0c5a03cd81a"><Status>File Type Not Supported</Status><Occurences>N/A</Occurences></Object><Object No.="199" URL="C:\GitHub\jwt-net-pri\.git\objects\f6\84cbff2f24bb2224026effa8fd3bb85a6952fa"><Status>File Type Not Supported</Status><Occurences>N/A</Occurences></Object><Object No.="200" URL="C:\GitHub\jwt-net-pri\.git\objects\f6\d3deb95145dcbbad0b451beb8f77871c76cddd"><Status>File Type Not Supported</Status><Occurences>N/A</Occurences></Object><Object No.="201" URL="C:\GitHub\jwt-net-pri\.git\objects\f7\29e3a4a379bc4ab55d9c8d512494513bcc1cfb"><Status>File Type Not Supported</Status><Occurences>N/A</Occurences></Object><Object No.="202" URL="C:\GitHub\jwt-net-pri\.git\objects\fb\db68f24a47f8fd3e8f31049f44cdfb08647df9"><Status>File Type Not Supported</Status><Occurences>N/A</Occurences></Object><Object No.="203" URL="C:\GitHub\jwt-net-pri\.git\objects\ff\43e3ce917d75fdd404c340d1b7a2ad90a5458f"><Status>File Type Not Supported</Status><Occurences>N/A</Occurences></Object><Object No.="204" URL="C:\GitHub\jwt-net-pri\.git\refs\heads\dev"><Status>File Type Not Supported</Status><Occurences>N/A</Occurences></Object><Object No.="205" URL="C:\GitHub\jwt-net-pri\.git\refs\heads\master"><Status>File Type Not Supported</Status><Occurences>N/A</Occurences></Object><Object No.="206" URL="C:\GitHub\jwt-net-pri\.git\refs\remotes\origin\dev"><Status>File Type Not Supported</Status><Occurences>N/A</Occurences></Object><Object No.="207" URL="C:\GitHub\jwt-net-pri\.git\refs\remotes\origin\master"><Status>File Type Not Supported</Status><Occurences>N/A</Occurences></Object><Object No.="208" URL="C:\GitHub\jwt-net-pri\lib\AsymmetricSignatureProvider.cs"><Status>Success</Status><Occurences>0</Occurences></Object><Object No.="209" URL="C:\GitHub\jwt-net-pri\lib\Base64UrlEncoder.cs"><Status>Success</Status><Occurences>0</Occurences></Object><Object No.="210" URL="C:\GitHub\jwt-net-pri\lib\ClaimTypeMapping.cs"><Status>Success</Status><Occurences>0</Occurences></Object><Object No.="211" URL="C:\GitHub\jwt-net-pri\lib\ConfigurationStrings.cs"><Status>Success</Status><Occurences>0</Occurences></Object><Object No.="212" URL="C:\GitHub\jwt-net-pri\lib\DateTimeUtil.cs"><Status>Success</Status><Occurences>0</Occurences></Object><Object No.="213" URL="C:\GitHub\jwt-net-pri\lib\DiagnosticUtility.cs"><Status>Success</Status><Occurences>0</Occurences></Object><Object No.="214" URL="C:\GitHub\jwt-net-pri\lib\EpochTime.cs"><Status>Success</Status><Occurences>0</Occurences></Object><Object No.="215" URL="C:\GitHub\jwt-net-pri\lib\JsonExtensions.cs"><Status>Success</Status><Occurences>0</Occurences></Object><Object No.="216" URL="C:\GitHub\jwt-net-pri\lib\Jwt.csproj"><Status>File Type Not Supported</Status><Occurences>N/A</Occurences></Object><Object No.="217" URL="C:\GitHub\jwt-net-pri\lib\jwtConfigurationStrings.cs"><Status>Success</Status><Occurences>0</Occurences></Object><Object No.="218" URL="C:\GitHub\jwt-net-pri\lib\JWTConstants.cs"><Status>Success</Status><Occurences>0</Occurences></Object><Object No.="219" URL="C:\GitHub\jwt-net-pri\lib\JWTErrors.cs"><Status>Success</Status><Occurences>0</Occurences></Object><Object No.="220" URL="C:\GitHub\jwt-net-pri\lib\JWTHeader.cs"><Status>Success</Status><Occurences>0</Occurences></Object><Object No.="221" URL="C:\GitHub\jwt-net-pri\lib\JWTPayLoad.cs"><Status>Success</Status><Occurences>0</Occurences></Object><Object No.="222" URL="C:\GitHub\jwt-net-pri\lib\JWTSecurityToken.cs"><Status>Success</Status><Occurences>0</Occurences></Object><Object No.="223" URL="C:\GitHub\jwt-net-pri\lib\JWTSecurityTokenHandler.cs"><Status>Success</Status><Occurences>0</Occurences></Object><Object No.="224" URL="C:\GitHub\jwt-net-pri\lib\JwtSecurityTokenRequirement.cs"><Status>Success</Status><Occurences>0</Occurences></Object><Object No.="225" URL="C:\GitHub\jwt-net-pri\lib\NamedKeyIssuerTokenResolver.cs"><Status>Success</Status><Occurences>0</Occurences></Object><Object No.="226" URL="C:\GitHub\jwt-net-pri\lib\NamedKeySecurityKeyIdentifierClause.cs"><Status>Success</Status><Occurences>0</Occurences></Object><Object No.="227" URL="C:\GitHub\jwt-net-pri\lib\NamedKeySecurityToken.cs"><Status>Success</Status><Occurences>0</Occurences></Object><Object No.="228" URL="C:\GitHub\jwt-net-pri\lib\SignatureProvider.cs"><Status>Success</Status><Occurences>0</Occurences></Object><Object No.="229" URL="C:\GitHub\jwt-net-pri\lib\SignatureProviderFactory.cs"><Status>Success</Status><Occurences>0</Occurences></Object><Object No.="230" URL="C:\GitHub\jwt-net-pri\lib\SymmetricSignatureProvider.cs"><Status>Success</Status><Occurences>0</Occurences></Object><Object No.="231" URL="C:\GitHub\jwt-net-pri\lib\System.IdentityModel.Tokens.Jwt.Xml"><Status>Skipped by user.</Status><Occurences>0</Occurences></Object><Object No.="232" URL="C:\GitHub\jwt-net-pri\lib\TextStrings.cs"><Status>Success</Status><Occurences>0</Occurences></Object><Object No.="233" URL="C:\GitHub\jwt-net-pri\lib\TokenValidationParameters.cs"><Status>Success</Status><Occurences>0</Occurences></Object><Object No.="234" URL="C:\GitHub\jwt-net-pri\lib\Utility.cs"><Status>Success</Status><Occurences>0</Occurences></Object><Object No.="235" URL="C:\GitHub\jwt-net-pri\lib\WifExtensionsErrors.cs"><Status>Success</Status><Occurences>0</Occurences></Object><Object No.="236" URL="C:\GitHub\jwt-net-pri\lib\WSSecurity10Constants.cs"><Status>Success</Status><Occurences>0</Occurences></Object><Object No.="237" URL="C:\GitHub\jwt-net-pri\lib\WSSecurityUtilityConstants.cs"><Status>Success</Status><Occurences>0</Occurences></Object><Object No.="238" URL="C:\GitHub\jwt-net-pri\lib\X509CertificateValidatorEx.cs"><Status>Success</Status><Occurences>0</Occurences></Object><Object No.="239" URL="C:\GitHub\jwt-net-pri\lib\XmlUtil.cs"><Status>Success</Status><Occurences>0</Occurences></Object><Object No.="240" URL="C:\GitHub\jwt-net-pri\lib\bin\Debug\System.IdentityModel.Tokens.Jwt.dll"><Status>Skipped by user.</Status><Occurences>0</Occurences></Object><Object No.="241" URL="C:\GitHub\jwt-net-pri\lib\bin\Debug\System.IdentityModel.Tokens.Jwt.pdb"><Status>File Type Not Supported</Status><Occurences>N/A</Occurences></Object><Object No.="242" URL="C:\GitHub\jwt-net-pri\lib\bin\Debug\System.IdentityModel.Tokens.Jwt.Xml"><Status>Skipped by user.</Status><Occurences>0</Occurences></Object><Object No.="243" URL="C:\GitHub\jwt-net-pri\lib\bin\Release\System.IdentityModel.Tokens.Jwt.dll"><Status>Skipped by user.</Status><Occurences>0</Occurences></Object><Object No.="244" URL="C:\GitHub\jwt-net-pri\lib\bin\Release\System.IdentityModel.Tokens.Jwt.pdb"><Status>File Type Not Supported</Status><Occurences>N/A</Occurences></Object><Object No.="245" URL="C:\GitHub\jwt-net-pri\lib\bin\Release\System.IdentityModel.Tokens.Jwt.Xml"><Status>Skipped by user.</Status><Occurences>0</Occurences></Object><Object No.="246" URL="C:\GitHub\jwt-net-pri\lib\obj\Debug\DesignTimeResolveAssemblyReferencesInput.cache"><Status>File Type Not Supported</Status><Occurences>N/A</Occurences></Object><Object No.="247" URL="C:\GitHub\jwt-net-pri\lib\obj\Debug\jwt.csproj.FileListAbsolute.txt"><Status>Success</Status><Occurences>0</Occurences></Object><Object No.="248" URL="C:\GitHub\jwt-net-pri\lib\obj\Debug\jwt.csprojResolveAssemblyReference.cache"><Status>File Type Not Supported</Status><Occurences>N/A</Occurences></Object><Object No.="249" URL="C:\GitHub\jwt-net-pri\lib\obj\Debug\System.IdentityModel.Tokens.Jwt.dll"><Status>Skipped by user.</Status><Occurences>0</Occurences></Object><Object No.="250" URL="C:\GitHub\jwt-net-pri\lib\obj\Debug\System.IdentityModel.Tokens.Jwt.pdb"><Status>File Type Not Supported</Status><Occurences>N/A</Occurences></Object><Object No.="251" URL="C:\GitHub\jwt-net-pri\lib\obj\Debug\TemporaryGeneratedFile_036C0B5B-1481-4323-8D20-8F5ADCB23D92.cs"><Status>Success</Status><Occurences>0</Occurences></Object><Object No.="252" URL="C:\GitHub\jwt-net-pri\lib\obj\Debug\TemporaryGeneratedFile_5937a670-0e60-4077-877b-f7221da3dda1.cs"><Status>Success</Status><Occurences>0</Occurences></Object><Object No.="253" URL="C:\GitHub\jwt-net-pri\lib\obj\Debug\TemporaryGeneratedFile_E7A71F73-0F8D-4B9B-B56E-8E70B10BC5D3.cs"><Status>Success</Status><Occurences>0</Occurences></Object><Object No.="254" URL="C:\GitHub\jwt-net-pri\lib\obj\Release\jwt.csproj.FileListAbsolute.txt"><Status>Success</Status><Occurences>0</Occurences></Object><Object No.="255" URL="C:\GitHub\jwt-net-pri\lib\obj\Release\System.IdentityModel.Tokens.Jwt.dll"><Status>Skipped by user.</Status><Occurences>0</Occurences></Object><Object No.="256" URL="C:\GitHub\jwt-net-pri\lib\obj\Release\System.IdentityModel.Tokens.Jwt.pdb"><Status>File Type Not Supported</Status><Occurences>N/A</Occurences></Object><Object No.="257" URL="C:\GitHub\jwt-net-pri\lib\Properties\AssemblyInfo.cs"><Status>Success</Status><Occurences>0</Occurences></Object><Object No.="258" URL="C:\GitHub\jwt-net-pri\test\ClaimSets.cs"><Status>Success</Status><Occurences>7</Occurences></Object><Object No.="259" URL="C:\GitHub\jwt-net-pri\test\ConfigurationTest.cs"><Status>Success</Status><Occurences>0</Occurences></Object><Object No.="260" URL="C:\GitHub\jwt-net-pri\test\CreateAndValidateTokens.cs"><Status>Success</Status><Occurences>0</Occurences></Object><Object No.="261" URL="C:\GitHub\jwt-net-pri\test\Defaults.cs"><Status>Success</Status><Occurences>0</Occurences></Object><Object No.="262" URL="C:\GitHub\jwt-net-pri\test\ExceptionHelper.cs"><Status>Success</Status><Occurences>0</Occurences></Object><Object No.="263" URL="C:\GitHub\jwt-net-pri\test\ExtensibilityTests.cs"><Status>Success</Status><Occurences>0</Occurences></Object><Object No.="264" URL="C:\GitHub\jwt-net-pri\test\IdentityComparer.cs"><Status>Success</Status><Occurences>0</Occurences></Object><Object No.="265" URL="C:\GitHub\jwt-net-pri\test\JWTConfigTests.cs"><Status>Success</Status><Occurences>0</Occurences></Object><Object No.="266" URL="C:\GitHub\jwt-net-pri\test\JwtDerivedTestTypes.cs"><Status>Success</Status><Occurences>0</Occurences></Object><Object No.="267" URL="C:\GitHub\jwt-net-pri\test\JWTPayloadTest.cs"><Status>Success</Status><Occurences>0</Occurences></Object><Object No.="268" URL="C:\GitHub\jwt-net-pri\test\JwtSecurityTokenHandlerTests.cs"><Status>Success</Status><Occurences>0</Occurences></Object><Object No.="269" URL="C:\GitHub\jwt-net-pri\test\JwtSecurityTokenTests.cs"><Status>Success</Status><Occurences>0</Occurences></Object><Object No.="270" URL="C:\GitHub\jwt-net-pri\test\JwtTests.csproj"><Status>File Type Not Supported</Status><Occurences>N/A</Occurences></Object><Object No.="271" URL="C:\GitHub\jwt-net-pri\test\JwtTestUtilities.cs"><Status>Success</Status><Occurences>0</Occurences></Object><Object No.="272" URL="C:\GitHub\jwt-net-pri\test\KeyingMaterial.cs"><Status>Success</Status><Occurences>0</Occurences></Object><Object No.="273" URL="C:\GitHub\jwt-net-pri\test\NamedKeyIssuerTokenResolverConfigTest.cs"><Status>Success</Status><Occurences>0</Occurences></Object><Object No.="274" URL="C:\GitHub\jwt-net-pri\test\NamedKeyTests.cs"><Status>Success</Status><Occurences>0</Occurences></Object><Object No.="275" URL="C:\GitHub\jwt-net-pri\test\Performance.cs"><Status>Success</Status><Occurences>0</Occurences></Object><Object No.="276" URL="C:\GitHub\jwt-net-pri\test\References.cs"><Status>Success</Status><Occurences>0</Occurences></Object><Object No.="277" URL="C:\GitHub\jwt-net-pri\test\RemoteDomain.cs"><Status>Success</Status><Occurences>0</Occurences></Object><Object No.="278" URL="C:\GitHub\jwt-net-pri\test\RemoteDomainManager.cs"><Status>Success</Status><Occurences>0</Occurences></Object><Object No.="279" URL="C:\GitHub\jwt-net-pri\test\SignatureProviderTests.cs"><Status>Success</Status><Occurences>0</Occurences></Object><Object No.="280" URL="C:\GitHub\jwt-net-pri\test\Subjects.cs"><Status>Success</Status><Occurences>0</Occurences></Object><Object No.="281" URL="C:\GitHub\jwt-net-pri\test\TestContextProvider.cs"><Status>Success</Status><Occurences>0</Occurences></Object><Object No.="282" URL="C:\GitHub\jwt-net-pri\test\Tokens.cs"><Status>Success</Status><Occurences>0</Occurences></Object><Object No.="283" URL="C:\GitHub\jwt-net-pri\test\TokenValidationParams.cs"><Status>Success</Status><Occurences>0</Occurences></Object><Object No.="284" URL="C:\GitHub\jwt-net-pri\test\TokenValidationParamsTests.cs"><Status>Success</Status><Occurences>0</Occurences></Object><Object No.="285" URL="C:\GitHub\jwt-net-pri\test\V1ToV2Converter.cs"><Status>Success</Status><Occurences>0</Occurences></Object><Object No.="286" URL="C:\GitHub\jwt-net-pri\test\ValidateTokenConfigTests.cs"><Status>Success</Status><Occurences>0</Occurences></Object><Object No.="287" URL="C:\GitHub\jwt-net-pri\test\bin\Debug\System.IdentityModel.Tokens.Jwt.dll"><Status>Skipped by user.</Status><Occurences>0</Occurences></Object><Object No.="288" URL="C:\GitHub\jwt-net-pri\test\bin\Debug\System.IdentityModel.Tokens.Jwt.pdb"><Status>File Type Not Supported</Status><Occurences>N/A</Occurences></Object><Object No.="289" URL="C:\GitHub\jwt-net-pri\test\bin\Debug\System.IdentityModel.Tokens.Jwt.Test.dll"><Status>Skipped by user.</Status><Occurences>0</Occurences></Object><Object No.="290" URL="C:\GitHub\jwt-net-pri\test\bin\Debug\System.IdentityModel.Tokens.Jwt.Test.pdb"><Status>File Type Not Supported</Status><Occurences>N/A</Occurences></Object><Object No.="291" URL="C:\GitHub\jwt-net-pri\test\bin\Debug\System.IdentityModel.Tokens.Jwt.xml"><Status>Skipped by user.</Status><Occurences>0</Occurences></Object><Object No.="292" URL="C:\GitHub\jwt-net-pri\test\bin\Release\System.IdentityModel.Tokens.Jwt.dll"><Status>Skipped by user.</Status><Occurences>0</Occurences></Object><Object No.="293" URL="C:\GitHub\jwt-net-pri\test\bin\Release\System.IdentityModel.Tokens.Jwt.pdb"><Status>File Type Not Supported</Status><Occurences>N/A</Occurences></Object><Object No.="294" URL="C:\GitHub\jwt-net-pri\test\bin\Release\System.IdentityModel.Tokens.Jwt.Test.dll"><Status>Skipped by user.</Status><Occurences>0</Occurences></Object><Object No.="295" URL="C:\GitHub\jwt-net-pri\test\bin\Release\System.IdentityModel.Tokens.Jwt.Test.pdb"><Status>File Type Not Supported</Status><Occurences>N/A</Occurences></Object><Object No.="296" URL="C:\GitHub\jwt-net-pri\test\bin\Release\System.IdentityModel.Tokens.Jwt.xml"><Status>Skipped by user.</Status><Occurences>0</Occurences></Object><Object No.="297" URL="C:\GitHub\jwt-net-pri\test\bin\Release\TestResults\brentsch_BRENTSCH-ID1 2013-10-14 16_16_44.trx"><Status>File Type Not Supported</Status><Occurences>N/A</Occurences></Object><Object No.="298" URL="C:\GitHub\jwt-net-pri\test\bin\Release\TestResults\brentsch_BRENTSCH-ID1 2013-10-14 16_16_44\Out\System.IdentityModel.Tokens.Jwt.dll"><Status>Skipped by user.</Status><Occurences>0</Occurences></Object><Object No.="299" URL="C:\GitHub\jwt-net-pri\test\bin\Release\TestResults\brentsch_BRENTSCH-ID1 2013-10-14 16_16_44\Out\System.IdentityModel.Tokens.Jwt.pdb"><Status>File Type Not Supported</Status><Occurences>N/A</Occurences></Object><Object No.="300" URL="C:\GitHub\jwt-net-pri\test\bin\Release\TestResults\brentsch_BRENTSCH-ID1 2013-10-14 16_16_44\Out\system.identitymodel.tokens.jwt.test.dll"><Status>Skipped by user.</Status><Occurences>0</Occurences></Object><Object No.="301" URL="C:\GitHub\jwt-net-pri\test\bin\Release\TestResults\brentsch_BRENTSCH-ID1 2013-10-14 16_16_44\Out\System.IdentityModel.Tokens.Jwt.Test.pdb"><Status>File Type Not Supported</Status><Occurences>N/A</Occurences></Object><Object No.="302" URL="C:\GitHub\jwt-net-pri\test\obj\Debug\DesignTimeResolveAssemblyReferencesInput.cache"><Status>File Type Not Supported</Status><Occurences>N/A</Occurences></Object><Object No.="303" URL="C:\GitHub\jwt-net-pri\test\obj\Debug\jwtTests.csproj.FileListAbsolute.txt"><Status>Success</Status><Occurences>0</Occurences></Object><Object No.="304" URL="C:\GitHub\jwt-net-pri\test\obj\Debug\jwtTests.csprojResolveAssemblyReference.cache"><Status>File Type Not Supported</Status><Occurences>N/A</Occurences></Object><Object No.="305" URL="C:\GitHub\jwt-net-pri\test\obj\Debug\System.IdentityModel.Tokens.Jwt.Test.dll"><Status>Skipped by user.</Status><Occurences>0</Occurences></Object><Object No.="306" URL="C:\GitHub\jwt-net-pri\test\obj\Debug\System.IdentityModel.Tokens.Jwt.Test.pdb"><Status>File Type Not Supported</Status><Occurences>N/A</Occurences></Object><Object No.="307" URL="C:\GitHub\jwt-net-pri\test\obj\Debug\TemporaryGeneratedFile_036C0B5B-1481-4323-8D20-8F5ADCB23D92.cs"><Status>Success</Status><Occurences>0</Occurences></Object><Object No.="308" URL="C:\GitHub\jwt-net-pri\test\obj\Debug\TemporaryGeneratedFile_5937a670-0e60-4077-877b-f7221da3dda1.cs"><Status>Success</Status><Occurences>0</Occurences></Object><Object No.="309" URL="C:\GitHub\jwt-net-pri\test\obj\Debug\TemporaryGeneratedFile_E7A71F73-0F8D-4B9B-B56E-8E70B10BC5D3.cs"><Status>Success</Status><Occurences>0</Occurences></Object><Object No.="310" URL="C:\GitHub\jwt-net-pri\test\obj\Release\jwtTests.csproj.FileListAbsolute.txt"><Status>Success</Status><Occurences>0</Occurences></Object><Object No.="311" URL="C:\GitHub\jwt-net-pri\test\obj\Release\jwtTests.csprojResolveAssemblyReference.cache"><Status>File Type Not Supported</Status><Occurences>N/A</Occurences></Object><Object No.="312" URL="C:\GitHub\jwt-net-pri\test\obj\Release\System.IdentityModel.Tokens.Jwt.Test.dll"><Status>Skipped by user.</Status><Occurences>0</Occurences></Object><Object No.="313" URL="C:\GitHub\jwt-net-pri\test\obj\Release\System.IdentityModel.Tokens.Jwt.Test.pdb"><Status>File Type Not Supported</Status><Occurences>N/A</Occurences></Object><Object No.="314" URL="C:\GitHub\jwt-net-pri\test\Properties\AssemblyInfo.cs"><Status>Success</Status><Occurences>0</Occurences></Object><Object No.="315" URL="C:\GitHub\jwt-net-pri\TestResults\Jwt.TE.Tests.mdf"><Status>File Type Not Supported</Status><Occurences>N/A</Occurences></Object><Object No.="316" URL="C:\GitHub\jwt-net-pri\TestResults\Jwt.TE.Tests_log.ldf"><Status>File Type Not Supported</Status><Occurences>N/A</Occurences></Object></Logs></PLCKRR>